{"gcp": {"c3-standard-4": 0.25200999999999996, "c3-standard-8": 0.5040199999999999, "e2-standard-2": 0.095082, "e2-standard-4": 0.190164, "e2-standard-8": 0.380328, "n4-standard-2": 0.118465, "n4-standard-4": 0.23693}}